年,部上
2024,AA
2024,BB
2025,AA
2024,BB
2024,CC
2025,AA
2025,AA
2023,CC
2025,AA
2023,CC
2025,CC
2025,BB
2025,CC
2025,AA
2023,CC
2023,AA
2024,CC
2024,AA
2025,BB
2025,CC
2025,AA
2023,BB
2025,BB
2023,AA
2023,BB
2023,AA
2024,CC
2024,BB
2023,BB
2023,BB
2023,BB
2025,CC
2024,CC
2025,BB
2024,AA
2023,BB
2024,CC
2025,CC
2024,AA
2025,AA
2024,BB
2025,AA
2024,AA
2023,AA
2024,BB
2024,AA
2025,AA
2025,AA
2023,AA
2024,BB
2023,BB
2023,CC
2023,AA
2025,BB
2025,BB
2024,BB
2023,BB
2024,BB
2025,AA
2024,BB
2023,BB
2025,CC
2023,BB
2024,BB
2025,CC
2025,AA
2025,CC
2023,AA
2023,BB
2025,BB
2023,BB
2025,BB
2024,AA
2023,BB
2025,CC
2024,AA
2024,BB
2024,BB
2023,BB
2025,AA
2025,BB
2024,BB
2025,CC
2025,CC
2025,CC
2024,CC
2024,CC
2025,CC
2024,AA
2023,CC
2025,BB
2025,BB
2024,CC
2024,BB
2025,BB
2023,BB
2023,BB
2024,CC
2024,BB
2024,BB
